FileName,Next 1990,2012 Songbook,2017 Songbook,Tags,Quality,VC Choice,Notes,,,,,
9_to_5_(Jon_-_Colourchord_2025-03).mp3,,N,N,,,Y,"IFASCO 2024"
A_Bi_O_(Unknown).mp3,,Y,Y,Call and response,Fine,Y,,,,,,
A_borton_ablakaban_(Baloghs_2025-01).mp3,,N,N,,,Y,"Lucy Balogh"
A_Hundred_Years_From_Now_(Not_Recorded_Yet).mp3,,N,N,,,N,"Not recorded yet"
Adieu_Sweet_Nancy_(London_Glee_2024-09).mp3,,N,N,,Fine,Y,From OGVCC,,,,,
Ah_Poor_Bird.mp3,,N,N,Round,Fine,Y,,,,,,
Ain't_Gonna_Study_War.mp3,,Y,Y,,Fine,N,Un-Archived,,,,,
Ain't_Gonna_Study_War_(Parts).mp3,,Y,Y,Parts,Good,Y,,,,,,
Ain't_Gonna_Study_War_(With_Guitar).mp3,,N,N,With Guitar,Good,Y,,,,,,
Alcohol.mp3,Y,Y,Y,,Fine,Y,From OGVCC,,,,,
All_For_Me_Grog.mp3,,N,N,,Good,Y,,,,,,
All_On_The_Shore.mp3,,N,Y,,Good,Y,*Valuable! Can't find it anywhere else on the internet,,,,,
All_Things_Shall_Perish_(Putney_Allstars).mp3,,Y,Y,Round,Good,Y,,,,,,
Ally_Bally.mp3,,N,N,,Fine,Y,,,,,,
An_Old_Woman_Of_Yorkshire.mp3,,N,N,,Fine,Y,,,,,,
Anchored_In_Love_(Barnyard).mp3,,Y,Y,,Fine,Y,,,,,,
Angel_Band_(Horton_Rd_Vol_2).mp3,,Y,Y,,Bin,N,,,,,,
Angel_Band_(02).mp3,,Y,Y,,Good,Y,,,,,,
Angels_Watching_Over_Me_(Putney_Allstars).mp3,,N,Y,,Good,Y,"Angels (All Night, All Day) in Songbook 2017",,,,,
Animal_Fair.mp3_(Oxford_Glee_2024-04).mp3,,Y,Y,,Fine,Y,From OGVCC,,,,,
Arise_Song_(Campchiefs_2024-01).mp3,,Y,Y,,Fine,Y,From OGVCC,,,,,
Arise_Song_2.mp3,,Y,Y,,Fine,Y,From OGVCC,,,,,
As_I_Roved_Out.mp3,,N,Y,,Good,Y,Renamed from Dary_Fah_Diliddle_Air_Yo.mp3,,,,,
As_I_Roved_Out_(02).mp3,,N,N,,Good,Y,The Soldier and the Maid,,,,,
As_She_Moved_Through_The_Fair.mp3,,N,N,Solo,Good,Y,,,,,,
Ash_Yeay_Tatalay_(Unknown).mp3,,N,N,,Fine,N,Alt songs,,,,,
Ask_an_Axolotl_(Caving_2025-02).mp3,,N,N,,,Y,"IFASCO 2024"
Ask_an_Axolotl_(Doctor_Waffle_2025-01).mp3,,N,N,,,Y,"IFASCO 2024"
Auld_Triangle_(Campchiefs_2024-01).mp3,,N,Y,,Fine,Y,From OGVCC,,,,,
Baba_Kukuduku_(Fireside).mp3,,N,N,,Bin,N,,,,,,
Baba_Kukuduku_(Parts).mp3,,N,N,,Bin,N,With intro / It's Cuban,,,,,
Babes_In_The_Wood.mp3,,N,N,,Fine,Y,,,,,,
Ballad_Of_Lou_Marsh_(Oxford_Glee_2024-02).mp3,,Y,Y,,Fine,Y,From OGVCC,,,,,
Banana_Boat_Song_(Not_Recorded_Yet).mp3,,N,Y,,Fine,Y,"Delete me"
Banjo_Break_(Joe_Buirski_2007-06).mp3,,N,N,Instrumental,Bin,N,,,,,,
Banks_Of_The_Ohio.mp3,,Y,Y,,Bin,N,Rerecord,,,,,
Banks_Of_The_Ohio_(02).mp3,,Y,Y,,Fine,Y,From OGVCC,,,,,
Barley_Mow_(Oxford_Glee_2024-10).mp3,,N,Y,,Fine,Y,"From Emily, whatsapp",,,,,
Batan_Jo_(Unknown).mp3,,N,N,Round,Fine,N,,,,,,
Bay_Of_Biscay_(Clem_2025-02).mp3,,N,N,,,Y,"IFASCO 2024"
Bay_Of_Biscay_(Clem_and_Cailin_Colourchord_2025-03).mp3,,N,N,,,Y,"IFASCO 2024"
Beanz_Means_Heinz_(Rushall_Glee_1997-10).mp3,,N,N,,Fine,N,,,,,,
Beeswing_(Stores_2025-03).mp3,,N,N,,,Y,"IFASCO 2024"
Before_I_Met_You.mp3,,Y,Y,,Fine,Y,,,,,,
Before_You_Make_A_Promise_(Putney_Allstars).mp3,,N,N,,Fine,N,,,,,,
Bella_Ciao_(Stores_2025-03).mp3,,N,N,,,Y,"IFASCO 2024"
Belle_Mama_(Unknown).mp3,,N,N,Round,Fine,Y,,,,,,
Big_Rock_Candy_Mountains_(Oxford_Glee_2024-09).mp3,,N,Y,,Fine,Y,From OGVCC,,,,,
Big_Yellow_Taxi_(Caving_2025-02).mp3,,N,N,,,Y,"Caving,Sophie"
Black_Tie_(Stores_2024-12).mp3,,N,N,,,Y,"From Simon"
Black_Velvet_Band_(Oxford_Glee_2024-03).mp3,,Y,Y,,Fine,Y,From OGVCC,,,,,
Blackbird.mp3,Y,N,N,Pop,Good,N,,,,,,
Blackbirds_And_Thrushes_(01).mp3,,N,N,,Good,Y,Trad alternate named Hares on the Mountain,,,,,
Blackbirds_And_Thrushes_(02).mp3,,N,N,,Bin,N,,,,,,
Blackbirds_And_Thrushes_(Horton_Rd_Vol_2).mp3,,N,N,,Bin,N,,,,,,
Blackleg_Miner_(Oxford_Glee_2024-02).mp3,,Y,Y,,Fine,Y,From OGVCC,,,,,
Blackleg_Miner_(Slow).mp3,,Y,Y,,Fine,N,Too slow and out of tune,,,,,
Blackleg_Miner_(Wagon_Band).mp3,,Y,Y,With Guitar,Fine,N,Needs rerecording,,,,,
The_Blacksmith.mp3,,N,N,,Fine,Y,,,,,,
Blessed_Motion_(Leeds_2022-08).mp3,,N,N,,,Y,"IFASCO 2024"
Blow_The_Candle_Out_(Sam_Lee_Joe_Buirski_2007-06).mp3,,N,N,,Fine,N,,,,,,
Blow_The_Man_Down_(Oxford_Glee_2024-05).mp3,,Y,Y,,Fine,Y,From OGVCC,,,,,
Blowin_In_The_Wind_(Clem_2024-08).mp3,,Y,Y,,Fine,Y,From OGVCC,,,,,
Blue_Lake_And_Rocky_Shore.mp3,,N,N,Drum,Fine,Y,,,,,,
Blustery_Fireside_(Tin_Whistle).mp3,,N,N,Instrumental,Bin,N,,,,,,
Boggy_Boggy.mp3,,N,N,Round,Bin,N,,,,,,
Bold_Riley_(Oxford_Glee_2024-02).mp3,,N,Y,,Fine,Y,From OGVCC,,,,,
Bold_Riley_(Clem_2024-10).mp3,,N,Y,,Fine,N,From OGVCC,,,,,
Bon_Soir_(Unknown).mp3,,N,N,,Fine,N,,,,,,
Bonny_At_Morn_(Sophie_2024-12).mp3,,N,N,,,Y,"IFASCO 2024"
Bonny_At_Morn_(Stores_2025-03).mp3,,N,N,,,Y,"IFASCO 2024"
Botany_Bay_(Jon_2025-02).mp3,,N,N,,,Y,"IFASCO 2024"
Bread_And_Roses.mp3,,N,Y,,Fine,Y,From OGVCC,,,,,
Bread_And_Roses_(Pam_and_Bea_2025-03).mp3,,N,N,,,Y,"IFASCO 2024"
Break_Em_On_Down.mp3,,N,Y,,Good,Y,,,,,,
Bright_Morning_Star_(Postcamps_2024-09).mp3,,N,N,,Fine,Y,From OGVCC,,,,,
Bring_Me_Little_Water_Sylvie_(01).mp3,,Y,Y,Parts,Fine,Y,,,,,,
Bring_Me_Little_Water_Sylvie_(Parts).mp3,,Y,Y,Parts,Fine,N,,,,,,
Bring_Us_in_Hot_Tea_(Not_Recorded_Yet).mp3,,N,Y,,,Y,"Delete me"
Broadside_To_Broadside_(Oxford_Glee_2025-01).mp3,,N,N,,,Y,"IFASCO 2024"
Broken_Rib.mp3,,N,N,,Fine,N,,,,,,
The_Burning_Of_Auchindoun_(Glee_Camp_2013-06).mp3,,N,Y,,Good,N,Beautiful Silly Sisters version,,,,,
The_Burning_Of_Auchindoun_(In_The_Crypt).mp3,,N,Y,,Fine,Y,,,,,,
By_The_Waters_Of_Babylon.mp3,Y,Y,Y,,Bin,N,Rerecord,,,,,
By_The_Waters_Of_Babylon_(02).mp3,Y,Y,Y,,Fine,Y,From OGVCC,,,,,
Byker_Hill_(Caving_2025-02).mp3,,N,N,,,Y,"Caving, Sophie"
The_Cocks_Are_Crowing.mp3,,N,N,,Good,Y,,,,,,
C_O_F_F_E_E.mp3,,N,N,,Fine,Y,,,,,,
Cakewalk_Blues.mp3,,N,N,,Fine,N,,,,,,
Calling_On.mp3,,N,Y,,Fine,Y,Renamed,,,,,
Campfires_Burning_(Oxford_Glee_2024-02).mp3,,Y,Y,,Fine,Y,From OGVCC,,,,,
Can_You_Get.mp3,,N,N,Pop,Bin,N,,,,,,
Captain_Don't_You_Know_Me_(Rushall_Glee_1997-10).mp3,,Y,Y,,Fine,Y,*,,,,,
Careless_Love_(Horton_Rd_Vol_2).mp3,,Y,Y,,Bin,N,Rerecord,,,,,
Careless_Love_(Oxford_Glee_2024-05).mp3,,Y,Y,,Fine,Y,From OGVCC,,,,,
Chicken_On_A_Raft_(Rushall_Glee_1997-10).mp3,,Y,Y,,Fine,Y,,,,,,
Chickens.mp3,,Y,Y,,Good,Y,,,,,,
Children_Go_Where_I_Send_Thee.mp3,,Y,Y,,Fine,Y,Christmas song?,,,,,
Clementine_(Oxford_Glee_2024-04).mp3,,N,Y,,Fine,Y,From OGVCC,,,,,
Cloud_Song_(Glee_Camp_2007-06).mp3,,N,N,,Fine,N,,,,,,
Cluck_Old_Hen.mp3,Y,N,N,,Fine,N,,,,,,
Cocaine_(Horton_Rd_Vol_1).mp3,,N,N,,Fine,Y,"John Martyn song - we like this, bring it to camp!",,,,,
Cockles_And_Mussels_(Oxford_Glee_2024-02).mp3,,Y,Y,,Fine,Y,From OGVCC,,,,,
Come_Follow_(Hodore_2024-07).mp3,,N,Y,,Fine,Y,From OGVCC,,,,,
Come_from_the_Heart_(Not_Recorded_Yet).mp3,,N,Y,,,Y,"Delete me"
Come_Landlord_Fill_The_Flowing_Bowl_(Assington_2024-05).mp3,,Y,Y,,Fine,Y,From OGVCC,,,,,
Come_To_The_Colours.mp3,,Y,Y,,Bin,N,Rerecord - Come to the Colours Johnny Come (yuk),,,,,
Come_To_The_Colours_Johnny.mp3,,Y,Y,,Fine,Y,From OGVCC,,,,,
Country_Dancing_(01).mp3,,N,N,Instrumental,Fine,N,Maybe we want to keep these for instrumentalists to practice? BUT there's already a whole page for country dancing music,,,,,
Country_Dancing_(02).mp3,,N,N,Instrumental,Fine,N,-,,,,,
Country_Dancing_(03).mp3,,N,N,Instrumental,Fine,N,-,,,,,
Country_Dancing_(04).mp3,,N,N,Instrumental,Fine,N,-,,,,,
Country_Dancing_(05).mp3,,N,N,Instrumental,Fine,N,-,,,,,
Country_Dancing_(06).mp3,,N,N,Instrumental,Fine,N,-,,,,,
Country_Life_(Rushall_Glee_1997-10).mp3,,Y,Y,,Good,Y,Rename to I like to rise? ,,,,,
Crazy_Moose.mp3,,N,N,,Good,Y,As good as it could possibly be.,,,,,
Crow_on_the_Cradle_(Jon_2025-02).mp3,,N,N,,,Y,"IFASCO 2024"
Crossing_The_Bar_(2024-12).mp3,,N,N,,,N,"From Emily whatsapp"
The_Curtains_Of_Old_Joe's_House.mp3,Y,N,N,,Fine,Y,,,,,,
Cutty_Wren.mp3,,N,Y,,Fine,Y,From OGVCC,,,,,
Dark_As_A_Dungeon_(01).mp3,,Y,Y,,Fine,N,Weird version - missing words.,,,,,
Dark_As_A_Dungeon_(Horton_Rd_Vol_1).mp3,,Y,Y,,Bin,N,Talking at start,,,,,
Dark_As_A_Dungeon_(In_The_Crypt).mp3,,Y,Y,,Fine,Y,More traditional version,,,,,
Death_Came_Knocking_(Hodore_2024-07).mp3,,N,Y,,Fine,Y,From OGVCC,,,,,
Deep_Blue_Sea_(Postcamps_2007-09).mp3,,Y,Y,,Bin,N,Rerecord - Talking in background,,,,,
Deep_Blue_Sea_(London_Glee_2024-02).mp3,,N,Y,,Fine,Y,From OGVCC,,,,,
Deep_Down_In_My_Soul_(In_The_Crypt).mp3,,N,N,,Good,Y,,,,,,
Deportees_(Horton_Rd_Vol_2).mp3,,Y,Y,,Fine,Y,,,,,,
Derby_Ram.mp3,,N,N,,Fine,N,Normally known as Darby's Ram - the version we sing is the same as Bascom Lamar Lunsford who says the N-word but this recording replaces it with 'man'. Maybe this means we should delete?,,,,,
Diamonds_in_the_Rough_(Solo_Adam_P_2025-02-24).mp3,,N,N,,,Y,"IFASCO 2024"
Dido_Bendigo_(Not_Recorded_Yet).mp3,,N,Y,,,Y,"Delete me"
Dido_Fido.mp3,,N,N,,Fine,N,Not the version in the songbook - Rerecord,,,,,
Digger's_Song_[1648_version].mp3,Y,N,Y,With Guitar,Good,Y,,,,,,
Digger's_Song_[The_World_Turned_Upside_Down]_(Horton_Rd_Vol_1).mp3,Y,N,Y,With Guitar,Bin,N,,,,,,
Digger's_Song_[The_World_Turned_Upside_Down]_(03).mp3,Y,N,Y,,Good,Y,Songbook has The Digger's Song (World Turned Upside Down),,,,,
Digger's_Song_[The_World_Turned_Upside_Down]_(05).mp3,Y,N,Y,,Bin,N,Major chatting at the start,,,,,
Dirty_Old_Town_(Oxford_Glee_2024-04).mp3,,N,Y,,Fine,Y,From OGVCC,,,,,
Doffing_Mistress_(Stores_2025-03).mp3,,N,N,,,Y,"IFASCO 2024"
Don't_Get_Married_Girls_(Not_Recorded_Yet).mp3,,N,Y,,,Y,"Delete me"
Don't_Let_It_Bother_You.mp3,,N,N,Pop,Fine,N,Not really a camp song?,,,,,
Don't_You_Hear_Jerusalem_Mourn.mp3,,N,N,,Fine,Y,,,,,,
Dona_Nobis_Parcem_(01).mp3,,N,N,,Fine,N,,,,,,
Dona_Nobis_Parcem_(02).mp3,,N,N,,Fine,N,,,,,,
Dona_Nobis_Parcem_(03).mp3,,N,N,,Fine,N,,,,,,
Dona_Nobis_Parcem_(04).mp3,,N,N,,Fine,N,,,,,,
Dona_Nobis_Parcem_(FFS).mp3,,N,N,,Good,Y,,,,,,
Donna_Donna_(Horton_Rd_Vol_1).mp3,,Y,Y,,Fine,N,"Rerecord - beginning is rubbish, people keep coming in wrong",,,,,
Donna_Donna_(Caitlin_2024-06).mp3,,Y,Y,,Fine,Y,From OGVCC,,,,,
Dousing_The_Campfire.mp3,,N,N,Atmospheric,Bin,N,Just someone pouring water over a fire,,,,,
Down_In_The_Valley.mp3,,Y,Y,Duet,Good,Y,Chords in songbook,,,,,
Down_Where_The_Drunkards_Roll_(Rushall_Glee_1997-10).mp3,,Y,Y,Solo (Adrian Matthews) + Harmony,Good,Y,,,,,,
Down_To_The_River_To_Pray_(Horton_Rd_Vol_1).mp3,,N,N,,Fine,Y,,,,,,
Drill_Ye_Tarriers_Drill_(Horton_Rd_Vol_2).mp3,,Y,Y,With Guitar,Good,Y,Chords in songbook,,,,,
Drill_Ye_Tarriers_Drill_(02).mp3,,Y,Y,With Guitar,Fine,N,,,,,,
Drill_Ye_Tarriers_Drill_(03).mp3,,Y,Y,With Guitar,Bin,N,,,,,,
Drill_Ye_Tarriers_Drill_(04).mp3,,Y,Y,With Guitar,Fine,N,,,,,,
Drunken_Sailor.mp3,,N,Y,,Fine,N,,,,,,
Drunken_Sailor_(Putney_Allstars).mp3,,N,Y,,Good,Y,,,,,,
"Early,_Early_In_The_Spring.mp3",,N,N,Solo,Good,Y,,,,,,
Earth_My_Body_(Rushall_Glee_1997-10).mp3,Y,Y,Y,Round,Good,Y,,,,,,
Eddystone_Light_(Assington_2024-05).mp3,,Y,Y,,Fine,Y,From OGVCC,,,,,
Eenay_Weray_Weray_(Unknown).mp3,,N,N,,Fine,Y,,,,,,
Erie_Canal_(Rushall_Glee_1997-10).mp3,,Y,Y,,Good,Y,"Chords in songbook, file renmed",,,,,
Everything_Possible_(Not_Recorded_Yet).mp3,,N,N,,,Y,"IFASCO 2024"
Farewell_Johnny_Miner.mp3,,N,N,,Good,Y,,,,,,
Fathom_The_Bowl.mp3,,Y,Y,,Fine,N,Sounds far off,,,,,
Fathom_The_Bowl_(Colonial_Style).mp3,,Y,Y,With Guitar - Duet,Fine,N,Poshest voice ever,,,,,
Fathom_The_Bowl_(FFS).mp3,,Y,Y,,Fine,Y,,,,,,
Few_Days_(Hodore_2024-06).mp3,,N,N,,,Y,"IFASCO 2024 - Rose Music"
Fiddler's_Green.mp3,,Y,Y,,Fine,N,,,,,,
Fiddler's_Green_(FFS).mp3,,Y,Y,,Good,Y,,,,,,
Fiddler's_Green_(Solo).mp3,,Y,Y,Solo,Good,N,Really lovely but are we doing soloists?,,,,,
The_Fields_Of_Athenray.mp3,,N,N,,Fine,Y,,,,,,
The_Fields_Of_Athenray_(Emily_Colourchord_2025-03).mp3,,N,N,,,Y,"IFASCO 2024"
The_Fields_Of_Athenray_(North).mp3,,N,N,Guitar,Fine,N,,,,,,
Fire_Meringo.mp3,,N,N,,Good,Y,Normally known as Fire Marengo,,,,,
Fish_and_Chips_and_Vinegar_(Stores_2025-03).mp3,,N,N,,,Y,"IFASCO 2024"
Five_Hundred_Miles_(Oxford_Glee_2024-05).mp3,,Y,Y,,Fine,Y,From OGVCC,,,,,
Follow_The_Drinking_Gourd_(Meg_at_Rushall_Glee_1997-10).mp3,,Y,Y,,Good,Y,"Meg Taylor",,,,,
Fourpence_A_Day_(Alice_2024-12).mp3,,N,N,,,Y,"IFASCO 2024"
Freedom_for_South_Africa.mp3,,N,N,Round,Fine,N,,,,,,
Freedom_Is_Coming.mp3,,N,N,Round,Fine,Y,Rerecord,,,,,
Freedom_Is_Coming_(Parts).mp3,,N,N,Round,Fine,N,,,,,,
Freedom_Train_(Stores_2024-12).mp3,,N,Y,,,Y,"From Alice"
Freight_Train.mp3,Y,Y,Y,,Fine,Y,,,,,,
Froggy_Went_A_Courtin'.mp3,Y,Y,Y,With Guitar,Fine,Y,Chords in songbook,,,,,
Frogs_Go_TraLaLaLaLa_(Caving_2025-02).mp3,,N,N,,,Y,"Caving,Sophie"
Ghost_Of_John_(01).mp3,,Y,Y,Round,Fine,Y,,,,,,
Ghost_Of_John_(02).mp3,,Y,Y,Round,Bin,N,,,,,,
Glad_To_Be_Gay_(Glee_Camp_2024-10).mp3,,N,Y,,Fine,Y,"From Emily, whatsapp",,,,,
The_Gloaming_Oh.mp3,,N,N,Solo,Good,Y,,,,,,
Go_Down_You_Blood_Red_Roses_(In_The_Crypt).mp3,,Y,Y,,Good,Y,,,,,,
Go_Well_And_Safely_(Putney_Allstars).mp3,,N,N,,Good,Y,Also known as 'Zulu' farewell,,,,,
Goin'_Fishin'.mp3,,N,N,With Guitar,Fine,Y,,,,,,
Going_Over_Jordan.mp3,,N,N,,Fine,Y,Rerecord - Duplicates Below. Poor Wayfaring Stranger,,,,,
Gonna_Be_An_Engineer_(Peggy_Seeger).mp3,Y,N,Y,,Good,Y,Rerecord - Actually just Peggy Seeger so delete,,,,,
Good_Morning_Good_Morning_(Not_Recorded_Yet).mp3,,N,N,,,Y,"Arise Jan 2024"
Good_Times.mp3,,N,N,Pop,Fine,N,Has teaching in it - Quite fun - Alternative song?,,,,,
Goodbye_Love.mp3,,N,N,Solo,Good,N,What is this song?,,,,,
Goodbye_Love_(In_The_Crypt).mp3,,N,N,,Fine,N,,,,,,
Grandma's_Hands.mp3,,N,N,,Bin,N,,,,,,
Great_American_Railway_(Oxford_Glee_2024-03).mp3,,N,Y,,Fine,Y,From OGVCC,,,,,
Greenland_Whaler.mp3,,N,N,,Good,Y,"The version in old songbook - ""Greenland Whale Fisheries""",,,,,
Greenland_Whaler_(Belter).mp3,,N,N,,Good,Y,"Different version, slightly different lyrics + tune - label as ""Version B""",,,,,
Greenland_Whaler_(Snippet).mp3,,N,N,Harmony,Good,Y,"Interesting harmonies, different lyrics ""Harmony""",,,,,
Green_Grow_The_Rushes_O_(Oxford_Glee_2024-04).mp3,,N,Y,,Fine,Y,From OGVCC,,,,,
Grey_Funnel_Line_(Messy).mp3,,Y,Y,,Bin,N,Talking,,,,,
Grey_Funnel_Line_(North).mp3,,Y,Y,Harmony,Good,Y,,,,,,
Grey_Funnel_Line_(Glee_Camp_2016-06).mp3,,N,Y,,,N,"Simon Emmerson Soundcloud"
Grey_Funnel_Line_(Solo_Jon_B).mp3,,N,N,,,Y,"IFASCO 2024"
Harbour_(Not_Recorded_Yet).mp3,,N,N,,,Y,"IFASCO 2024"
"Hares_On_The_Mountain_(Major_Key,_Hannah_Kessler_2024-12).mp3",,N,N,,,Y,"IFASCO 2024"
"Hares_On_The_Mountain_(Minor_Key,_Hannah_Kessler_2024-12).mp3",,N,N,,,N,"IFASCO 2024"
Hares_On_The_Mountain_(Stores_2024-12).mp3,,N,N,,,Y,"From Alice"
Hal_And_Tow.mp3,,Y,Y,Solo-y,Good,Y,,,,,,
Halleluiah_Im_A_Bum_(Oxford_Glee_2024-05).mp3,,Y,Y,,Fine,Y,From OGVCC,,,,,
Hamba_Kahle_Mkhonto_(Unknown).mp3,,N,N,,Fine,N,Alt songs,,,,,
Handsome_John_Brown_(Hodore_2024-07).mp3,,N,Y,,Fine,Y,From OGVCC,,,,,
Hanging_On_The_Old_Barbed_Wire_(Assington_2024-05).mp3,,Y,Y,,Fine,Y,From OGVCC,,,,,
Hard_Times_(Rushall_Glee_1997-10).mp3,,Y,Y,Solo + Chorus,Good,Y,,,,,,
Hard_Times_(Banjo).mp3,,Y,Y,With Banjo,Good,N,"""With Banjo""",,,,,
Harriet_Tubman_(Horton_Rd_Vol_1).mp3,Y,Y,Y,,Good,Y,,,,,,
Harriet_Tubman_(02).mp3,Y,Y,Y,With Guitar,Fine,N,,,,,,
Haul_Away_For_Johnny_O.mp3,,N,N,,Good,Y,*,,,,,
Haul_Away_Joe_(Putney_Allstars).mp3,,Y,Y,,Good,Y,,,,,,
Heavenly_Aeroplane.mp3,,N,N,,Fine,N,Alt songs,,,,,
The_Herring_(Assington_2024-05).mp3,,Y,Y,,Fine,Y,Rerecord,,,,,
Hesitation_Blues.mp3,Y,Y,Y,With Guitar,Good,Y,,,,,,
Hey_Ho_Anybody_Home.mp3,,Y,Y,Round,Fine,Y,,,,,,
Hill_And_Gully_Rider.mp3,Y,N,Y,,Bin,Y,Rerecord - Sounds far away,,,,,
Hippopotamus_[Glorious_Mud]_(Oxford_Glee_2024-10).mp3,,N,Y,,Fine,Y,"From Emily, whatsapp",,,,,
Hold_The_Lantern_High_(Alice_2022-10).mp3,,N,N,,,Y,"From Alice 2024"
Home_Boys_Home_(Bridges_2023-12).mp3,,N,Y,,Fine,Y,From OGVCC,,,,,
Home_To_The_Motherland.mp3,,N,N,Round,Fine,Y,,,,,,
Hot_Tea_(Not_Recorded_Yet).mp3,,N,N,,,Y,"Arise Jan 2024"
House_Of_The_Rising_Sun.mp3,,N,Y,,Fine,Y,From OGVCC,,,,,
Humpty_Dumpty_Rap_(Not_Recorded_Yet).mp3,,N,N,,,Y,"IFASCO 2024"
The_Huntsman_(FITM_2024-06).mp3,,N,Y,,Fine,Y,From OGVCC,,,,,
The_Huntsman_(Postcamps_2024-09).mp3,,N,Y,,Fine,N,From OGVCC,,,,,
Hush_A_Bye.mp3,,N,N,,Fine,Y,,,,,,
I'll_Be_Your_Baby_Tonight_(Horton_Rd_Vol_1).mp3,,N,N,Pop,Fine,N,,,,,,
I'll_Fly_Away.mp3,,N,Y,,Fine,Y,,,,,,
I_Am_Weary_Let_Me_Rest.mp3,,N,Y,,Good,N,I am weary let me rest,,,,,
I_Am_Weary_Let_Me_Rest_(London_Glee_2024-02).mp3,,N,Y,,Fine,Y,From OGVCC,,,,,
I_Dare_Not_Let_You_In.mp3,,N,N,Solo + chorus,Good,Y,"Song is - It Rains, It Hails (Frank Hinchliffe)",,,,,
I_Like_The_Potholes_(Goatchurch_2025).mp3,,N,N,,,Y,"IFASCO Caving Camp 2025"
If_You_Miss_Me_At_The_Back_Of_The_Bus_(Stores_2025-03).mp3,,N,N,,,Y,"IFASCO 2024"
In_A_Cottage_In_A_Wood_(Not_Recorded_Yet).mp3,,N,N,,,Y,"IFASCO 2024"
I've_Got_A_Sin_Coming_On.mp3,,N,N,Pop,Good,Y,,,,,,
I_Feel_A_Sin_Coming_On_(Oxford_Glee_2025-01).mp3,,N,N,,,Y,"IFASCO 2024"
I_Like_A_Nice_Cup_Of_Tea_(Not_Recorded_Yet).mp3,,N,N,,,Y,"Arise Jan 2024"
I_Like_The_Flowers_(Oxford_Glee_2024-03).mp3,,N,N,,Fine,Y,Rerecord - Talking at the start.,,,,,
I_Paradise_(Studio).mp3,,N,N,Foreign Language,Fine,Y,Alt songs,,,,,
I_Will_Rock_My_Heart.mp3,,N,N,,Good,Y,,,,,,
I_Will_Rock_My_Heart_(Snippet).mp3,,N,N,,Bin,N,,,,,,
I_Wonder_If_I'm_Growing.mp3,,N,N,,Bin,N,Lame,,,,,
I_don't_want_your_millions_(Caitlin_2024-06).mp3,,N,Y,,Fine,Y,From OGVCC,,,,,
If_I_Were_A_Blackbird.mp3,,N,N,,Fine,Y,,,,,,
If_You_Want_To_See_The_General.mp3,,N,N,,Good,Y,,,,,,
If_You_Want_To_See_The_General_(Fireside).mp3,,N,N,,Fine,N,,,,,,
Ilkley_Moor_(Leeds_Glee_2013-09).mp3,,N,N,,Fine,N,Rerecord - Recorded inside a bucket - On Ilkley Moor Baht 'at,,,,,
Ilkley_Moor_(Oxford_Glee_2024-10).mp3,,N,Y,,Fine,Y,"From Emily, whatsapp",,,,,
Indonga_Seh_Jericho_(Parts).mp3,,N,N,Parts,Good,Y,Alt songs,,,,,
Irene_Goodnight_(Postcamps_2024-09).mp3,,N,Y,,Fine,Y,From OGVCC,,,,,
Irene_Goodnight_(In_The_Crypt).mp3,,N,N,,Good,Y,,,,,,
It_Ain't_Me_You're_Looking_For_(Horton_Rd_Vol_2).mp3,,N,N,Pop / Duet / With Guitar,Fine,N,,,,,,
Jamaican_Farewell_(01).mp3,,N,Y,,Good,Y,Weird noises at beginning,,,,,
Jamaican_Farewell_(02).mp3,,N,Y,,Bin,N,,,,,,
Jean_Harlow.mp3,Y,N,Y,,Fine,Y,,,,,,
Jesus_Was_A_Gay_Black_Hippie_Jew_(Solo).mp3,,N,N,Solo,Bin,N,Not woke,,,,,
Jinganga_(Parts).mp3,,N,N,Foreign Language,Fine,Y,Alt songs,,,,,
Joan_Come_Kiss_Me_Now_(Glee_Camp_2013-06).mp3,,N,N,Duet - Round,Good,Y,,,,,,
Jock_Stewart.mp3,Y,N,Y,,Good,Y,,,,,,
John_Ball_(Bridges_2023-12).mp3,,N,Y,,Fine,Y,From OGVCC,,,,,
John_John_Where_Have_You_Been_All_Night.mp3,,N,N,,Fine,Y,,,,,,
John_Kanaka_(Aunty_Shanty_2025-03).mp3,,N,N,,,Y,"IFASCO 2024"
Johnny_Boy_Go_Home.mp3,,N,Y,,Fine,Y,Bit timid - renamed from Johnny_Boy.mp3,,,,,
Johnny_I_Hardly_Knew_Ya_(Glee_Camp_2016-06).mp3,,N,Y,,,Y,"Simon Emmerson Soundcloud"
Jug_Of_Punch.mp3,,N,Y,,Fine,Y,Rerecord,,,,,
Keep_On_Truckin'_(Horton_Rd_Vol_2).mp3,,N,N,,Fine,Y,Truckin',,,,,
The_Keeper_(Oxford_Glee_2024-04).mp3,,N,Y,,Fine,Y,From OGVCC,,,,,
Kecak_Dance_(Non_Vocal).mp3,,N,N,,Bin,N,,,,,,
Kilgary_Mountain.mp3,,N,Y,,Fine,Y,,,,,,
Knees_Up_Three_Four_Five.mp3,,N,N,,Bin,N,Alt song,,,,,
Knife_In_The_Window.mp3,,N,N,,Bin,N,Poor quality,,,,,
Kookaburra_(Caitlin_2024-06).mp3,,N,Y,,Fine,Y,From OGVCC,,,,,
The_Lady_And_The_Crocodile_(Rushall_Glee_1997-10).mp3,,N,Y,,Good,Y,,,,,,
Land_On_The_Shore_(Alice_2024-11).mp3,,N,N,,,N,"From Alice"
Larks_They_Sang_Melodious_(01).mp3,,N,Y,,Fine,N,Renamed from Pleasant_And_Delightful_(01).mp3,,,,,
Larks_They_Sang_Melodious_(02).mp3,,N,Y,,Fine,N,Pleasant_And_Delightful_(02).mp3,,,,,
Larks_They_Sang_Melodious_(Barnyard).mp3,,N,Y,,Fine,N,Pleasant_And_Delightful_(Barnyard).mp3,,,,,
Larks_They_Sang_Melodious_(North).mp3,,N,Y,,Good,Y,Pleasant_And_Delightful_(North).mp3,,,,,
Lay_Me_Low_(Postcamps_2024-09).mp3,,N,N,,Fine,N,From OGVCC,,,,,
Leave_Her_Johnny_Leave_Her.mp3,,N,Y,,Fine,Y,,,,,,
Leave_Her_Johnny_Leave_Her_(Putney_Allstars).mp3,,N,Y,,Good,N,Too  bass,,,,,
Leaves_Of_Life_(TNTCI_1990).mp3,Y,N,N,,Good,Y,Potentially the Watersons song,,,,,
Leaves_Of_Life.mp3,,N,N,,Fine,N,,,,,,
The_Leaving_Of_Liverpool_(Stores_2024-12).mp3,,N,N,,,Y,"From Alice"
Lesson_Too_Late_for_the_Learning_(Glee_Camp_2024-10).mp3,,N,Y,,Fine,Y,"From Emily, whatsapp",,,,,
Let_Them_Stay_(Alice_Stores_2024-01).mp3,,N,N,,,Y,"From Simon"
Let_the_Bulgine_Run_(Not_Recorded_Yet).mp3,,N,Y,,,Y,"Delete me"
Let_Your_Little_Light_Shine.mp3,,N,N,,Fine,Y,Bit quiet,,,,,
Lie_Lie_Lie_(Oxford_Glee_2024-06).mp3,,N,Y,,Fine,Y,From OGVCC,,,,,
Life_is_Butter_(Postcamps_2024-09).mp3,,N,Y,,Fine,Y,From OGVCC,,,,,
Lift_Up_Your_Hands.mp3,,N,N,,Fine,N,Alt song,,,,,
Lift_Up_Your_Hands_(Parts).mp3,,N,N,Parts,Fine,N,,,,,,
Lightweight_Dirge_(Rushall_Glee_1997-10).mp3,,N,N,,Good,Y,,,,,,
Linden_Tree.mp3,,N,N,,Good,Y,,,,,,
The_Lion_Sleeps_Tonight.mp3,,N,N,Pop,Bin,N,,,,,,
Little_Goldie_Goldfish.mp3,,N,N,,Fine,Y,,,,,,
Little_Rabbit_Foo-Foo_(Stores_2025-03).mp3,,N,N,,,Y,"IFASCO 2024"
Liverpool_Street_Station.mp3,,N,N,Parts (teaching),Bin,N,Rerecord,,,,,
Logger_Lover_(Polly_and_Becka_2025-02).mp3,,N,N,,,Y,"IFASCO 2024"
Looking_Tward_Heaven.mp3,,N,N,,Good,Y,,,,,,
Looking_Tward_Heaven_(Barnyard).mp3,,N,N,,Fine,N,,,,,,
Lord_Franklin.mp3,,N,N,Solo,Fine,Y,,,,,,
Lord_Of_The_Dance_(Oxford_Glee_2024-04).mp3,,N,Y,,Fine,Y,From OGVCC,,,,,
Lowlands_(Meg_at_Rushall_Glee_1997-10).mp3,,N,Y,Solo + Harmony,Good,N,Down with this sort of thing,,,,,
Lowlands_(FFS).mp3,,N,Y,Different harmony,Good,Y,,,,,,
Magpies_Nest.mp3,,N,N,Solo,Good,Y,*,,,,,
The_Maid_Of_Cullmore.mp3,,N,N,With Guitar,Fine,Y,,,,,,
Maids_When_You're_Young_(Stores_2024-12).mp3,,N,N,,,Y,"From Alice"
Mairi's_Wedding_(Oxford_Glee_2024-10).mp3,,N,Y,,Fine,Y,"From Emily, whatsapp",,,,,
Malleezway_(Unknown).mp3,,N,N,Foreign Language,Fine,N,Alt song,,,,,
Malleezway_(Postcamps_2007-09).mp3,,N,N,Foreign Language,Bin,N,Alt song,,,,,
The_Manchester_Rambler_(Sophie_2024-12).mp3,,N,N,,,Y,"IFASCO 2024"
Martin_Said_To_His_Man.mp3,,N,Y,,Good,Y,*Tudor song bc 'Man in the Moon' = Henry VIII,,,,,
Mary_Don't_You_Weep.mp3,,N,Y,Blues,Bin,N,Blues version,,,,,
Mary_Don't_You_Weep_(Bridges_2023-12).mp3,,N,Y,,Fine,Y,From OGVCC,,,,,
Mary_Ellen_Carter.mp3,,N,N,,Bin,N,,,,,,
Mary_Ellen_Carter_(FFS).mp3,,N,N,,Good,Y,,,,,,
Mathilda_(Theo_Bard).mp3,,N,N,Solo,Bin,N,"Muffled, voices at beginning",,,,,
May_The_Circle_Be_Unbroken.mp3,,N,Y,,Fine,Y,Bit of a dirge,,,,,
May_The_Circle_Be_Unbroken_(Wagon_Band).mp3,,N,Y,,Fine,N,,,,,,
Mercedes_Benz.mp3,Y,N,Y,,Bin,N,Drunk version - Mercedez Benz in Songbook,,,,,
Mercedes_Benz_(02).mp3,Y,N,Y,,Good,Y,,,,,,
Midnight_Special_(Oxford_Glee_2024-02).mp3,,N,Y,,Fine,Y,From OGVCC,,,,,
Milwaulkee_Trucking_Blues_(Not_Recorded_Yet).mp3,,N,Y,,,Y,"Delete me"
Mingulay_Boat_Song_(01).mp3,,N,Y,,Good,Y,,,,,,
Mingulay_Boat_Song_(02).mp3,,N,Y,,Fine,N,"Mellow, uncertain, timid",,,,,
Moccasin_Mile.mp3,,N,Y,Violin,Bin,N,"Too quiet, sounds like its been stolen from a recording",,,,,
Moccasin_Mile_(Hayereyah_2024-12).mp3,,N,Y,,,Y,"IFASCO 2024"
Mole_In_A_Hole_(Oxford_Glee_2024-06).mp3,,N,Y,,Fine,Y,From OGVCC,,,,,
Monkey_Dance_(Not_Recorded_Yet).mp3,,N,N,,,Y,"IFASCO 2024"
Moondance_(Stores_2024-12).mp3,,N,N,,,Y,"From Alice"
Moon_Of_Love.mp3,,N,N,Pop,Good,Y,,,,,,
Moonganga.mp3,,N,N,Foreign Language,Fine,N,,,,,,
Moonganga_(In_The_Crypt).mp3,,N,N,Foreign Language,Good,Y,,,,,,
Morning_Train.mp3,,N,N,,Fine,Y,,,,,,
Move_Along_(Garry_at_Rushall_Glee_1997-10).mp3,,N,N,,Good,Y,,,,,,
Mrs_McGrath_(Hayereyah_2024-12).mp3,,N,Y,,,Y,"IFASCO 2024"
Mushrooms.mp3,,N,N,,Fine,N,Alt song,,,,,
Mushrooms_(Parts).mp3,,N,N,Parts,,N,Alt song,,,,,
My_Baby_Cares_For_Only_Me_(01).mp3,,N,Y,,Fine,N,,,,,,
My_Baby_Cares_For_Only_Me_(02).mp3,,N,Y,,Fine,Y,,,,,,
My_Baby_Cares_For_Only_Me_(Horton_Rd_Vol_1).mp3,,N,N,,Fine,Y,,,,,,
My_Plow_My_Companion_And_Me_(TNTCI_1990).mp3,Y,N,N,,Good,Y,Red River Valley-esque,,,,,
My_Plow_My_Companion_And_Me.mp3,,N,N,,Good,Y,,,,,,
My_Girls_A_Corker_(Oxford_Glee_2024-02).mp3,,N,Y,,Fine,Y,From OGVCC,,,,,
My_Goose_(Glee_Camp_2024-10).mp3,,N,Y,,Fine,Y,"From Emily, whatsapp",,,,,
My_Grandfather's_Clock_(Oxford_Glee_2024-04).mp3,,N,Y,,Fine,Y,From OGVCC,,,,,
My_Husbands_Got_No_Courage_In_Him_(Oxford_Glee_2024-02).mp3,,N,Y,,Fine,Y,From OGVCC,,,,,
My_Johnny_Was_A_Shoemaker.mp3,,N,Y,,Good,Y,Long pause at start,,,,,
My_Johnny_Was_A_Shoemaker_(North).mp3,,N,Y,,Bin,N,,,,,,
My_Sweet_Love_Ain't_Around.mp3,,N,N,,Bin,N,,,,,,
Nan_Awey_(Unknown).mp3,,N,N,Foreign Language,Fine,N,Alt songs,,,,,
Nessie.mp3,,N,N,,Round,N,"Unlcear, a bit rubbish",,,,,
The_Nightingale.mp3,,N,Y,,Good,Y,,,,,,
Nine_Hundred_Miles.mp3,,N,Y,,Fine,N,From OGVCC,,,,,
Nine_Hundred_Miles_(Hayereyah_2024-12).mp3,,N,Y,,,Y,"IFASCO 2024"
No_Man's_Land_(TNTCI_1990).mp3,Y,N,Y,,Fine,Y,,,,,,
No_Man's_Land_(02).mp3,Y,N,Y,,Bin,N,,,,,,
Now_I_Walk_In_Beauty.mp3,,N,N,Round,Good,Y,,,,,,
Numbers_Song.mp3,,N,N,,Bin,N,Alt songs,,,,,
Numbers_Song_(Parts).mp3,,N,N,Parts,Bin,N,Alt songs,,,,,
O_Mali_(Unknown).mp3,,N,N,Foreign Language,Fine,Y,,,,,,
Oak_And_Ash_And_Thorn_(Stable_Singers).mp3,,N,N,Round,Bin,N,Just the chorus over and over again,,,,,
Oak_Of_Old_(Huw_2019-08).mp3,,N,N,,,Y,"IFASCO 2024"
Oh_Lala_Lay_(Unknown).mp3,,N,N,,Fine,Y,"Now the evening fades away, you know the golden sun won't disappear for long'",,,,,
Oh_Lay_Lay_Mali_Ma_Makosi_(01).mp3,,N,N,Foreign Language,Good,Y,Alt songs,,,,,
Oh_Lay_Lay_Mali_Ma_Makosi_(02).mp3,,N,N,Foreign Language,Bin,N,Alt songs,,,,,
Oh_What_A_Beautiful_Morning_(Not_Recorded_Yet).mp3,,N,N,,,Y,"Arise Jan 2024"
Oh_You'll_Never_Go_To_Heaven.mp3,,N,N,,Good,Y,Is this really necessary? As good as it gets tho.,,,,,
Old_Abram_Brown.mp3,,N,Y,Round,Fine,Y,,,,,,
Old_Dun_Cow_(Oxford_Glee_2024-03).mp3,,N,Y,,Fine,Y,From OGVCC,,,,,
Old_Joe_Clark.mp3,Y,N,Y,,Fine,Y,Rerecord - Low quality recording,,,,,
Old_Joe_Clark_(Oxford_Glee_2024-02).mp3,Y,N,Y,,Fine,N,From OGVCC,,,,,
Old_Joe_Clark_(Spoons).mp3,Y,N,Y,,Bin,N,,,,,,
Old_Mother_Lee.mp3,,N,Y,,Good,Y,,,,,,
Once_I_Lived_In_Old_Virginia_(TNTCI_1990).mp3,Y,N,N,,Fine,Y,,,,,,
One_More_Pull_(Oxford_Glee_2024-03).mp3,,N,Y,,Fine,Y,From OGVCC,,,,,
Ooh_Ey_Poochada_(Unknown).mp3,,N,N,Foreign Language,Fine,N,Alt songs,,,,,
Orchestra_Song.mp3,,N,N,,Fine,N,Alt songs,,,,,
Orlando's_Pigs_(Stable_Singers).mp3,,N,N,,Bin,N,Racket at beginning,,,,,
Pace_Egging_Song.mp3,,N,Y,,Good,Y,,,,,,
Paddy_Doyle's_Boots_(In_The_Crypt).mp3,,N,N,,Good,Y,"Both good versions - this slower, can hear harmonies better.",,,,,
Paddy_West_(Stable_Singers).mp3,,N,N,,Bin,N,"Rerecord? Nice song, badly executed.",,,,,
Parting_Glass_(Assington_2024-05).mp3,,N,Y,,Fine,Y,From OGVCC,,,,,
Peace_In_The_Valley.mp3,,N,N,,Fine,N,,,,,,
Penguin_Jamboree_(Not_Recorded_Yet).mp3,,N,N,,,Y,"IFASCO 2024"
Pike's_Peake_(Fiddle).mp3,,N,N,Instrumental,Bin,N,,,,,,
Pink_Parasol_(Putney_Allstars).mp3,,N,N,,Bin,N,,,,,,
Plastic_Jesus_(Putney_Allstars).mp3,,N,N,,Good,Y,,,,,,
Ploughboy.mp3,Y,N,N,,Fine,Y,"""The Brave Ploughboy""",,,,,
Pole_Tax_Song_(Glee_Camp_1991-09).mp3,Y,N,Y,,Fine,Y,Renamed from Poll_Tax_Song.mp3,,,,,
Poor_Boy_(Not_Recorded_Yet).mp3,,N,Y,,,Y,"Delete me"
Poor_Old_Horse.mp3,,N,Y,,Bin,N,*Rerecord - renamed from I_Say_Old_Man.mp3,,,,,
Poor_Old_Man.mp3,,N,Y,,Good,Y,Poor Old Horse,,,,,
Poor_Orphan_Child.mp3,,N,N,,Fine,Y,,,,,,
Poor_Wayfaring_Stranger.mp3,,N,N,,Fine,Y,Rerecord - Sung apparently underground,,,,,
Poor_Wayfaring_Stranger_(Nancy_And_Amy).mp3,,N,N,Duet,Bin,N,,,,,,
Praise_His_Holy_Name_(In_The_Crypt).mp3,,N,N,,Good,Y,,,,,,
Prickle_Eye_Bush.mp3,,N,Y,,Fine,Y,From OGVCC,,,,,
Prickle_Eye_Bush_(Horton_Rd_Vol_2).mp3,,N,Y,,Good,N,Guitar,,,,,
Prickle_Eye_Bush_(02).mp3,,N,Y,,Fine,N,Much slower / A dirge - maybe the aim with this one?,,,,,
Prickle_Eye_Bush_(03).mp3,,N,Y,,Fine,N,"Rerecord - Big cough, but has heart",,,,,
Process_Man_(Rushall_Glee_1997-10).mp3,,N,Y,,Good,Y,,,,,,
Process_Man_(Horton_Rd_Vol_2).mp3,,N,Y,,Bin,N,,,,,,
Queenie.mp3,,N,Y,,Fine,Y,From OGVCC,,,,,
Rainy_Day.mp3,,N,N,Atmospheric,Bin,N,,,,,,
Rattling_Bog_(Caving_2025-02).mp3,,N,N,,,Y,"Caving, Sophie"
Rawhide.mp3,,N,N,,Bin,N,,,,,,
The_Reason_I_Sing_So_Hard.mp3,,N,N,,Bin,N,,,,,,
Recorder_Break.mp3,,N,N,Instrumental,Bin,N,,,,,,
Red_River_Valley.mp3,,N,Y,,Good,Y,Really gorgeous!,,,,,
Red_River_Valley_(Barnyard).mp3,,N,Y,,Fine,N,Yee-haw! Quite fun,,,,,
Reuben's_Train.mp3,,N,N,Solo + Banjo,Good,Y,,,,,,
Rice_(Unknown).mp3,,N,N,Foreign Language,Fine,N,Alt songs,,,,,
Rickety_Tickety_Tin_(Horton_Rd_Vol_1).mp3,,N,Y,,Fine,Y,"Rerecord - Groovy, rockin' version",,,,,
Rise_And_Shine_(Not_Recorded_Yet).mp3,,N,N,,,Y,"Arise Jan 2024"
Donkey_Riding_(Rushall_Glee_1997-10).mp3,,N,N,,Good,Y,Lucy Roberts,,,,,
Princess_Pat.mp3,,N,N,,Fine,Y,As good as it could get,,,,,
Princess_Pat_(Campchiefs_2025-01-26).mp3,,N,N,,,N,"Sophie"
River_O'Joe_(Not_Recorded_Yet).mp3,,N,Y,,,Y,"Delete me"
Road_to_the_Isles_(Not_Recorded_Yet).mp3,,N,Y,,,Y,"Delete me"
Rock_My_Soul.mp3,,N,N,,Fine,Y,Rerecord,,,,,
Rocking_My_Babies_To_Sleep_(TNTCI_1990).mp3,Y,N,Y,,Fine,N,Less soul,,,,,
Roll_The_Old_Chariot_Along_(Putney_Allstars).mp3,,N,N,,Fine,Y,,,,,,
Rolling_In_The_Dew_Makes_The_Milkmaids_Fair.mp3,,N,N,,Fine,Y,,,,,,
Rolling_On_The_Grass.mp3,Y,N,N,Solo,Bin,N,Alt songs,,,,,
Rose_Of_Aberdeen.mp3,,N,N,Solo,Good,Y,Very pretty,,,,,
Rosemary_Lane_(Clem_2024-10).mp3,,N,Y,,Fine,N,From whatsapp,,,,,
Rosemary_Lane.mp3,,N,Y,,Good,Y,Bit slow,,,,,
Rosemary_Lane_(Wagon_Band).mp3,,N,Y,With Guitar,Good,N,"Lil' intro speech, faster",,,,,
Rose_Rose_(Clem_2024-10).mp3,,N,Y,,Fine,Y,From whatsapp,,,,,
Rove_Riley_Rove_(Barnyard).mp3,,N,N,,Bin,N,,,,,,
Rove_Riley_Rove_(Plus_Extras).mp3,,N,N,,Bin,N,,,,,,
Rhythm_And_Syncopation.mp3,,N,N,,Bin,N,Alt songs,,,,,
Sailboat_Malarkey_(Snippet).mp3,,N,N,,Bin,N,Lots of chatter in beginning,,,,,
Sally_Free_And_Easy_(TNTCI_1990).mp3,Y,N,Y,,Fine,N,,,,,,
Sally_Free_And_Easy_(03).mp3,Y,N,Y,,Fine,N,Too slow,,,,,
Sally_Free_And_Easy_(FITM_2024-06).mp3,Y,N,Y,,Fine,Y,From OGVCC,,,,,
Sam_Hall_(London_Glee_2024-02).mp3,,N,Y,,Fine,Y,From OGVCC,,,,,
Sam_Lee's_Hello_Little_Stream_(Stable_Singers).mp3,,N,N,Round,Fine,N,Alt songs,,,,,
San_Francisco_Bay_Blues_(Horton_Rd_Vol_2).mp3,,N,Y,,Fine,Y,Rerecord - Sounds far away. Renamed from San_Franciso_Bay.mp3,,,,,
Sante_Anno_(Not_Recorded_Yet).mp3,,N,Y,,,Y,"Delete me"
Saving_For_Breakfast_(Leeds_Glee_2013-09).mp3,,N,Y,,Bin,N,Recorded quite far away from a church (possibly made of glass),,,,,
See_the_Little_Engines_(Rushall_Glee_1997-10).mp3,,N,Y,Round,Good,Y,Renamed from Little_Engines.mp3,,,,,
Seven_Drunken_Nights_(Not_Recorded_Yet).mp3,,N,Y,,,Y,"Delete me"
Sma_Grodorna_(Emily_and_Vicky_2025-02).mp3,,N,N,,,Y,"IFASCO 2024"
Shallow_Brown_(Leeds_Glee_2013-09).mp3,,N,Y,,Bin,N,Terrible quality,,,,,
Shallow_Brown_(Rushall_Glee_1997-10).mp3,,N,Y,,Good,Y,,,,,,
Shallow_Brown_(Wagon_Band).mp3,,N,Y,Solo,Fine,N,,,,,,
Shawnee_Town_(Rushall_Glee_1997-10).mp3,,N,Y,,Good,Y,,,,,,
She_Is_A_Rum_One.mp3,,N,N,Solo + guitar,Good,Y,,,,,,
Shenandoah.mp3,,N,Y,,Good,N,,,,,,
Shenandoah_(Putney_Allstars).mp3,,N,Y,,Good,Y,Keep both as different harmonies - Lovely Bass!!!! Great Job,,,,,
Shoals_Of_Herring_(Rushall_Glee_1997-10).mp3,,N,Y,,Fine,N,Rerecord - Very tentative. Most timid one yet. Adrian Matthews,,,,,
Shoals_Of_Herring_(Campchiefs_2024-01).mp3,,N,Y,,Fine,N,From OGVCC,,,,,
Shoals_Of_Herring_(London_Glee_2024-02).mp3,,N,Y,,Fine,Y,From OGVCC,,,,,
Shortnin_Bread.mp3,,N,N,,Good,Y,,,,,,
Shtomni_Omi_Lalo_Mali_(Unknown).mp3,,N,N,Foreign Language,Good,N,,,,,,
Shtomni_Omi_Lalo_Mali_(Parts).mp3,,N,N,Parts - Foreign Language,Good,N,Alt songs,,,,,
Shtomni_Omi_Lalo_Mali_(In_The_Crypt).mp3,,N,N,Foreign Language,Good,Y,Alt songs,,,,,
Si_Si_Banaha_(Not_Recorded_Yet).mp3,,N,N,,,Y,"IFASCO 2024"
Sikelele_Africa_(Unknown).mp3,Y,N,N,Foreign Language,Fine,N,Alt songs,,,,,
Silver_Dagger_(01).mp3,,N,N,,Fine,Y,,,,,,
Silver_Dagger_(Jaunty_Ukelele).mp3,,N,N,,Bin,N,Too jaunty,,,,,
Sosban_Fach_(Stores_2025-03).mp3,,N,N,,,Y,"IFASCO 2024"
Sun_Arise_(Not_Recorded_Yet).mp3,,N,N,,,Y,"Arise Jan 2024"
The_Sun_Has_Got_His_Hat_On_(Not_Recorded_Yet).mp3,,N,N,,,Y,"Arise Jan 2024"
We_Will_Sing_Together.mp3,,N,N,Round,Fine,N,Alt songs,,,,,
Sinner_Man_(Putney_Allstars).mp3,,N,Y,,Good,Y,,,,,,
Sixteen_Tons_(Oxford_Glee_2024-03).mp3,,N,Y,,Fine,Y,From OGVCC,,,,,
Sixteen_Tons_(Bellair_Remix).mp3,,N,Y,,Bin,N,Rerecord? - Poor work,,,,,
Sixteen_Tons_(Ed_Leads).mp3,,N,Y,,Fine,N,Rerecord - Too much chit chat at start,,,,,
Siyahamba_(Glee_Camp_2013-06).mp3,,N,N,Foreign Language,Fine,N,Alt songs,,,,,
Siyahamba_(In_The_Crypt).mp3,,N,N,Foreign Language,Fine,N,Alt songs,,,,,
Skye_Boat_Song_(Oxford_Glee_2024-03).mp3,,N,Y,,Fine,Y,From OGVCC,,,,,
Sloop_John_B_(Bridges_2023-12).mp3,,N,Y,,Fine,Y,From OGVCC,,,,,
Snow_Sniffing_Lament_(Oxford_Glee_2024-05).mp3,,N,Y,,Fine,Y,From OGVCC,,,,,
So_What.mp3,,N,N,,Fine,Y,,,,,,
Song_For_Seth.mp3,,N,Y,,Fine,Y,From OGVCC,,,,,
South_Australia_(01).mp3,,N,Y,,Bin,N,,,,,,
South_Australia_(Rushall_Glee_1997-10).mp3,,N,Y,,Fine,N,Jon Boden,,,,,
South_Australia_(03).mp3,,N,Y,,Bin,N,,,,,,
South_Australia_(Campchiefs_2024-01).mp3,,N,Y,,Fine,Y,From OGVCC,,,,,
Stand_By_The_Shore.mp3,,N,N,,Fine,Y,,,,,,
Stanley_And_Dora_(Oxford_Glee_2024-03).mp3,,N,Y,,Fine,Y,From OGVCC,,,,,
Star_Of_The_County_Down_(TNTCI_1990).mp3,Y,N,Y,With guitar,Fine,Y,,,,,,
Star_Of_The_County_Down_(Horton_Rd_Vol_2).mp3,Y,N,Y,With Guitar,Fine,N,,,,,,
Stealin'_(01).mp3,Y,N,N,With Guitar,Fine,N,"Fast-paced, wrong lyrics",,,,,
Stealin'_(Leeds_Glee_2013-09).mp3,Y,N,N,,Fine,N,,,,,,
Stealin'_(Fireside).mp3,Y,N,Y,,Fine,Y,,,,,,
Stealin'_(Skat).mp3,Y,N,Y,Skat,Fine,N,Alt songs,,,,,
Stone_Cold_Dead_in_the_Marketplace_(Not_Recorded_Yet).mp3,,N,Y,,,Y,"Delete me"
Strangest_Dream_(Not_Recorded_Yet).mp3,,N,Y,,,Y,"Delete me"
Streets_Of_London_(Oxford_Glee_2024-05).mp3,,N,Y,,Fine,Y,From OGVCC,,,,,
Swing_Low_Sweet_Chariot_(Oxford_Glee_2024-03).mp3,,N,Y,,Fine,Y,From OGVCC,,,,,
Sweet_Rosey-Anne.mp3,,N,Y,,Bin,Y,Alt songs,,,,,
Swing_Down_Chariot_(Rushall_Glee_1997-10).mp3,,N,N,,Good,Y,Adrian Matthews,,,,,
Take_This_Hammer_(Horton_Rd_Vol_1).mp3,,N,Y,With Guitar,Fine,Y,Rerecord,,,,,
Tall_Trees_That_Reach_The_Sky.mp3,,N,N,,Bin,N,Renamed from Tall_Trees_Warm_Fire_(01).mp3,,,,,
Tall_Trees_Warm_Fire.mp3,,N,Y,,Good,Y,,,,,,
Talkin'_Bout_A_Revolution_(Not_Recorded_Yet).mp3,,N,N,,,Y,"IFASCO 2024"
Teapot_Big_Enough_For_Two_(Not_Recorded_Yet).mp3,,N,N,,,Y,"IFASCO 2024"
That_Was_Before_I_Met_You.mp3,,N,N,,Bin,N,,,,,,
Three_Little_Birds_(Oxford_Glee_2025_01).mp3,,N,N,,,Y,"IFASCO 2024"
There_Ain't_No_Flies_On_Us.mp3,,N,N,,Fine,N,Alt songs,,,,,
There_Is_A_Tavern_In_The_Town_(Assington_2024-05).mp3,,N,Y,,Fine,Y,From OGVCC,,,,,
This_Land_Is_Your_Land_(TNTCI_1990).mp3,Y,N,Y,With Guitar,Good,Y,,,,,,
This_Land_Is_Your_Land_(02).mp3,Y,N,Y,With Guitar,Fine,N,,,,,,
This_Train_Is_Bound_For_Glory.mp3,,N,Y,,Good,Y,,,,,,
Thousands_Or_More_(02).mp3,,N,Y,,Bin,N,Better version above,,,,,
Thousands_Or_More_(01).mp3,Y,N,Y,,Fine,N,Renamed from Sorrows_Away.mp3,,,,,
Thousands_Or_More_(Glee_Camp_2016-06).mp3,,N,Y,,,Y,"From Simon Emmerson Soundcloud"
Thrashing_Machine.mp3,,N,N,,Bin,N,,,,,,
Three_Crows.mp3,,N,N,,Bin,N,TODO Rename capitalising O,,,,,
Three_Is_The_Magic_Number.mp3,,N,N,,Bin,N,,,,,,
Throw_My_Brain_In_A_Hurricane.mp3,,N,N,,Bin,N,,,,,,
Thula_Mama_(Unknown).mp3,,N,N,Foreign Language,Good,Y,Alt songs,,,,,
Tickle_Me_Pink_(Oxford_Glee_2024-02).mp3,,N,Y,,Fine,Y,From OGVCC,,,,,
Today_I_Feel_Older.mp3,,N,N,Round,Fine,N,,,,,,
Tony_Chestnut.mp3,,N,N,,Bin,N,,,,,,
Tower_Of_Strength_(Postcamps_2007-09).mp3,,N,Y,Round,Fine,Y,"Chatting at start. Tower of Strength in Songbook",,,,,
Trees_(FITM_2024-06).mp3,,N,Y,,Fine,Y,From OGVCC,,,,,
Triple_Whammy_(Putney_Allstars).mp3,,N,N,,Good,Y,Sinner Man / Drunken Sailor / Roll the Old Chariot along,,,,,
Troubles_Of_The_World.mp3,,N,N,Round,Good,Y,,,,,,
Tshotsholosa_(Not_Recorded_Yet).mp3,,N,Y,,,Y,"Delete me"
Tu_We_And_Hill_And_Gully_Rider_(Postcamps_2007-09).mp3,,N,Y,,Good,N,Two songs in one file,,,,,
Turkey_Rhubarb.mp3,,N,N,,Fine,Y,Watersons song,,,,,
Um_A_Lay_(Glee_Camp_2007-06).mp3,,N,N,,,N,,,,,,
Um_A_Lay_(Wangs).mp3,,N,N,,Good,N,Alt songs,,,,,
Umkhonto_We_Sizwe_(In_The_Crypt).mp3,,N,N,Foreign Language,Fine,N,Alt songs,,,,,
Uncle_Joe.mp3,Y,N,N,,Fine,Y,,,,,,
Underneath_The_Mango_Tree.mp3,,N,N,,Bin,N,,,,,,
Under_the_Full_Moonlight_(Not_Recorded_Yet).mp3,Y,N,N,,,Y,Delete when recorded,,,,,
Under_the_Lilacs_(Glee_Camp_2024-10).mp3,,N,Y,,Fine,Y,"From Emily, whatsapp",,,,,
Unicorn.mp3,,N,Y,,Fine,Y,,,,,,
Unnecessary_Toil.mp3,,N,N,,Fine,Y,,,,,,
Up_Above_My_Head.mp3,,N,Y,,Fine,N,,,,,,
Up_Above_My_Head_(Field).mp3,,N,Y,,Good,Y,,,,,,
Up_The_Ladder.mp3,,N,Y,,Good,Y,Alt Songs,,,,,
The_Village_Dump.mp3,,N,N,,Bin,N,It's risible',,,,,
Wade_In_The_Water_(Vanessa_2025-01).mp3,,N,Y,,,Y,"Vanessa via Emily"
Wagon_Wheel_(Oxford_Glee_2024-02).mp3,,N,Y,,Fine,Y,From OGVCC,,,,,
The_Water_(Caving_2025-02).mp3,,N,N,,,Y,"Caving,Sophie"
The_Water_(Oxford_Glee_2024-10).mp3,,N,N,,,Y,"IFASCO 2024"
The_Water_Is_Wide.mp3,,N,N,,Fine,N,Rerecord,,,,,
The_Water_Is_Wide_(Oxford_Glee_2024-05).mp3,,N,Y,,Fine,Y,From OGVCC,,,,,
Way_Over_Yonder_In_The_Minor_Key_(With_Criticism).mp3,,N,Y,,Fine,N,Rerecord (there is indeed criticism at end),,,,,
Way_Over_Yonder_In_The_Minor_Key_(Oxford_Glee_2024-04).mp3,,N,Y,,Fine,Y,From OGVCC,,,,,
We're_Coming_Home_(Rain_Soaked_Hippies).mp3,,N,N,,Fine,N,Alt Songs,,,,,
We're_Healing_The_World_(Rain_Soaked_Hippies).mp3,,N,N,,Fine,N,Alt Songs,,,,,
We've_Got_All_The_Love.mp3,,N,N,,Fine,Y,Alt Songs,,,,,
We've_Got_All_The_Love_(Parts).mp3,,N,N,Parts,Fine,Y,Alt Songs,,,,,
We_All_Come_From_The_Goddess_(Rain_Soaked_Hippies).mp3,,N,N,,Fine,N,Alt Songs,,,,,
We_All_Fly_Like_Eagles_(Oxford Glee 2024-05).mp3,,N,Y,,Fine,Y,From OGVCC,,,,,
We_Are_At_One_With_The_Infinite_Sun_(Rain_Soaked_Hippies).mp3,,N,N,Foreign Language,Fine,N,Alt Songs,,,,,
Wedding_Song_(Rushall_Glee_1997-10).mp3,,N,N,Solo + Harmony,Good,Y,Jon Boden,,,,,
Whaling_Song_(Ickaviel).mp3,Y,N,N,,,Y,"Renamed"
What_Will_We_Do_(Pam_and_Bea).mp3,,N,Y,,Good,Y,,,,,,
When_I'm_Gone_(Glee_Camp_2024-10).mp3,,N,Y,,Fine,Y,"From Emily, whatsapp",,,,,
When_You_Were_Born_You_Cried_(Hodore_2024_07).mp3,,N,Y,,Fine,Y,From OGVCC,,,,,
Whisky_Johnny.mp3,,N,N,,Good,Y,,,,,,
Whisky_On_A_Sunday_(FFS).mp3,,N,Y,,Good,Y,,,,,,
Whistling_Gypsy_Rover_(Oxford_Glee_2024-04).mp3,,N,Y,,Fine,Y,From OGVCC,,,,,
White_Cockade_(01).mp3,Y,N,Y,,Good,Y,,,,,,
White_Cockade_(02).mp3,Y,N,Y,,Fine,N,,,,,,
White_Cockade_(Barnyard).mp3,Y,N,Y,With banjo - Solo,Good,N,,,,,,
White_Cockade_(Wagon_Band).mp3,Y,N,Y,With banjo - Solo,Fine,N,Far away,,,,,
Whoa_Naday_Naday_Nadeechay_(Unknown).mp3,,N,N,Foreign Language,Fine,N,Alt Songs,,,,,
Wild_Mountain_Thyme.mp3,,N,Y,,Fine,N,Guitar,,,,,
Wild_Mountain_Thyme_(Caitlin_2024-06).mp3,,N,Y,,Fine,Y,From OGVCC,,,,,,
Wild_Rover_(Oxford_Glee_2024-03).mp3,,N,Y,,Fine,Y,From OGVCC,,,,,
The_Wind_They_Say_It_Is_A_Song.mp3,,N,N,,Bin,N,,,,,,
Winky_Wunk.mp3,,N,N,,Bin,N,,,,,,
Winter_Calls_A_Clear_Horizon_(Not_Recorded_Yet).mp3,,N,N,,,Y,"IFASCO 2024"
Woad_(Fergus_Ray_Murray).mp3,,N,Y,Solo,Fine,Y,,,,,,
Work_Song_(01).mp3,,N,Y,,Fine,Y,,,,,,
Work_Song_(Horton_Rd_Vol_1).mp3,,N,Y,,Bin,N,,,,,,
Work_Song_(03).mp3,,N,Y,Solo,Fine,N,,,,,,
Work_Song_(Lonesome).mp3,,N,Y,Solo,Bin,N,,,,,,
Work_Song_(Putney_Allstars).mp3,,N,Y,Solo + Harmony,Fine,N,,,,,,
Worried_Man_(Stores_2024-03).mp3,,N,Y,,Fine,Y,From OGVCC,,,,,
Worried_Man_(01).mp3,,N,Y,,Fine,N,Needs re-recording straight,,,,,
Worried_Man_(02).mp3,,N,Y,Harmony,Fine,N,Enough with the harmonies,,,,,
Worried_Man_(03).mp3,,N,Y,,Fine,N,Much slower,,,,,
Yellay_Mama_(Unknown).mp3,,N,N,Foreign Language,Fine,N,Alt Songs,,,,,
Yellow_Bird_(Not_Recorded_Yet).mp3,,N,Y,,,Y,"Delete me"
Yellow_Roses.mp3,,N,Y,,Fine,Y,,,,,,
Yolomano_(Unknown).mp3,,N,N,Foreign Language,Fine,N,Alt Songs,,,,,
Yolomano_(In_The_Crypt).mp3,,N,N,Foreign Language,Fine,N,Alt Songs,,,,,
Yolomano_(Parts).mp3,,N,N,Foreign Language,Fine,N,Alt Songs,,,,,
Zum_Gali_Gali_(Unknown).mp3,,N,N,Foreign Language,Fine,N,"Alt Songs""Adieu_Sweet_Nancy_(London_Glee_2024-09).mp3",Y,,Fine,Y,From OGVCC